sentence,emotion
Over my dead body are you arresting him.,Anger
"Brian, as ever, decided not to sit on the fence.",Disgust
"So, you know, whilst I'm a little bit reluctant, in a way I think that's water under the bridge, and in my view actually the extension improves it all.",Sadness
"Doctors who tried to help the wounded were caught in the crossfire, and in some places ambulances also came under attack.",Sadness
"Well, what about the view, let me kind of play devil's advocate here against Freud and Bullett.",Anticipation
"They were always at it, hammer and tongs you know, they had what would be called something similar to a steam hammer..",Anger
Rugby league's deadliest rivals lock horns in the season's big curtain-raiser at Gateshead tomorrow.,Anticipation
"For a brother and sister act, there was certainly no love lost between them.",Surprise
"Then, in 1981, all hell broke loose in the Cambridge English Faculty.",Sadness
I've got a bone to pick with one club.,Anger
For God's sake bury the hatchet.,Disgust
I really should er phone Breezy up and call his bluff and find out,Anticipation
Do me a favour and get off my back.,Disgust
"It was only a suggestion, Robyn; there's no need to blow a fuse.",Anger
"If you blow your top, they'll nick you double quick.",Anticipation
"Dear Father Christmas, I have a bone to pick with you.",Anger
"You sound cheesed off, what's the matter?",Anger
For crying out loud.,Anger
"I read the paper and I saw a glow worm in it, so I cut it out and gave it to him and he stuck it up in the factory.",Surprise
"He was fit to be tied when I separated from Hugh, and he seems to blame me for the whole thing.",Sadness
"Don't fly off the handle, Ma.",Anger
I suppose you're planning to make me foam at the mouth and gabble in obsolete tongues.,Disgust
It would get on my nerves.,Anger
Oh will you give it a rest.,Anger
"Just as he will not tolerate questions about his private life, so he will also go ballistic if bureacrats attempt to meddle in his creative decisions.",Anger
Now don't go off the deep end.,Anticipation
Some got extremely hot under the collar about it.,Anger
It is not particularly to make a song and dance about it.,Disgust
"Both sides, as so often in such debates, generated more heat than light.",Anger
It's steamed up between the layers is that what you're looking at.,Anger
"Because I like you, Breeze, and it makes my blood boil to think of you slaving away as you do.",Anger
Well you'll take the biscuit out of the Wednesday thing won't you?,Anger
Surrealism was definitely the last straw.,Disgust
I know you are too stupid to understand this but I will talk slowly and loudly and hope that you won't try my patience too far.,Anger
Yanto waited for a reply to his offer with bated breath.,Anticipation
"The slightest skirl of the pipes makes the retired cleaner go weak at the knees, break out in a cold sweat and shake uncontrollably.",Anticipation
"The line was plucking nicely through my fingers and, with my heart in my mouth, I wound the pick up in and struck.",Anticipation
"It was just really terrible, I mean at first I was just scared stiff that I  couldn't enjoy the dance on Sunday.",Fear
Tongue tied.,Surprise
I'm at my wits end.,Anger
"Ants in your pants, darling?",Surprise
Cause a stir if nothing else wouldn't it?,Disgust
He had me on the edge of my seat a couple of times.,Anticipation
"A bit further, give us a smile, lick your lips, Gilly.",Joy
"To begin with I found it almost too much to take on board, but it was all extremely thought-provoking and I had to make a decision to put my heart into it or not to bother at all.",Fear
So I can't go away in the autumn now cos that's just when everybody starts raring to go and wanting to get started on next year's programme.,Sadness
"But I was, I was bored to tears.",Sadness
I didn't know I could have such a good time so close to home.,Surprise
"Lexandro felt cut to the quick, and wished he could kill this impertinent if perceptive Sergeant.",Disgust
"Both of them were breathing hard, such a hurry and scramble of lips, hands, such a heat inside and between them, he stuffed one small breast into his mouth and then the other, giving her the same churn of astonished guilty pleasure as when she lay on her bed in the afternoons and read the forbidden books she smuggled home from the library.",Anticipation
"So I go, have a job to find it he just looks at me hard as nails.",Anger
"To fight for King and Country; to keep a stiff upper lip and a devil-may-care sangfroid, no matter if he were scared shitless.",Joy
"I was, as a newly arrived curate, somewhat taken aback and went home to lick my wounds.",Surprise
Did you have a lump in your throat?,Fear
"Yeah, pleased as punch.",Joy
"He won't eat dumplings, if he sees dumplings in a stew he'll puke.",Disgust
He doesn't come and whisper sweet nothings in our ears.,Sadness
"Mind you, when I was skivvying for that Brixton fam'ly, the head of the fam'ly didn't' alf take a fancy to me.",Surprise
Don't tear your hair out.,Anger
Feast your eyes on this little dazzler a gem in a million.,Joy
"Because you know they came up, they were full of the joys of spring, looking around, chatting to their friends.",Joy
"Both of them were breathing hard, such a hurry and scramble of lips, hands, such a heat inside and between them, he stuffed one small breast into his mouth and then the other, giving her the same churn of astonished guilty pleasure as when she lay on her bed in the afternoons and read the forbidden books she smuggled home from the library.",Joy
Ooh well they used to well they didn't used to sing a lot of songs but er they used to do a lot of you know playing about and perhaps and then they'd perhaps have a ball.,Joy
But you can be sure that you'll have the time of your life.,Anticipation
And mummy will have a whale of a time.,Joy
No. He was only pulling your leg.,Surprise
"Now take it easy, don't get panicky.",Fear
"After that, the world is your oyster, as they say.",Joy
"For the past five days now she had been living somewhere on cloud nine, and had decided that she might just as well set up home there, as it was such a wonderful place to be.",Joy
"Cry my eyes out, make an absolute wally of myself and now you tell me he was a Repo Man.",Sadness
"so, he said that she's feeling a bit down in the dumps and quite moody.",Sadness
"That erm, made me laugh because he said to his secretary, erm, you know, I I honestly don't think your time is she is so down in the mouth.",Joy
"To pretend as the sister said, that because she and another sister share lesbian sexuality, that that is the only thing, I think is living in a fools paradise.",Joy
Mr Crangle was grinning from ear to ear.,Joy
"They're going to have to come out of the forests,' he replied, with a grin like a Cheshire cat.",Joy
"The voice sings along with the song, then turns into a hum. Your heart sinks. You were hoping he was alone in the house.",Sadness
"Female speaker I jump for joy... but until I hear from the Foreign Office or from Martin, I won't believe it.",Joy
I suppose that comments like that are music to your ears?,Joy
"She was not quite sure what all of them were laughing about but there they were, rolling about with mirth, and Herbert Fraser looking as pleased as Punch.",Joy
"Constance was in seventh heaven, the dresses, the hats, the model girls, everything appeared perfect to her.",Joy
Oh Tilly was thrilled to bits with that little that little plastic thing.,Joy
"I'm tickled pink. If I wasn't, I wouldn't have kept quiet about you and him, would I?",Joy
"Erm since we've got together we, we are on top of the world.",Joy
"You feel, at the end of the treatment you feel as if you're walking on air.",Joy
I will go bananas.,Anger
It may very well be that I'm not playing with a full deck.,Sadness
If you think about it long enough you'll go nuts.,Anticipation
I swear you have a screw loose.,Disgust
"I'm gonna get stir crazy not being able to play badminton I know, and I score, it's gonna drive me crazy.",Sadness
Perhaps next time you'll inform me first before you gatecrash my party and throw yourself into the fountain.,Anger
"Come on now, Malachi, don't stand on ceremony here at home.",Anger
The fuel gauge had gone on the blink shortly after the start.,Sadness
It's alright but you get to the bottom of those stairs and sometimes feel lost.,Trust
"It's an embarrassing thing for a fault-tolerant vendor to have to say, but a bug in Guardian for the Tandem Computers Inc NonStop CLX machines caused them to reset their clocks to December 1,1983 on November 1, causing systems with time-dependent programs to go haywire.",Sadness
She was in dire straits.,Sadness
"Get that tray along to the study, or there'll be murder to pay.",Fear
"The Bookman put on a brave face and smiled, but Endill knew there was nothing to smile about.",Sadness
But we are saved by the bell.,Joy
"Trained as they were, the psychiatrists on the screening tests had failed to scratch the surface of her most secret place.",Sadness
"You spell trouble, and I want you out of the way.",Anger
"The cost of redeveloping a dilapidated shopping arcade into flats could spiral out of control, a councillor has warned.",Surprise
"And that we don't want to put up anything that'll be a stumbling block, to people coming.",Anticipation
So we now take the easy way out by using gas which we carry with us.,Anticipation
Eight extra bullets in a tight spot could mean the difference between life and death.,Fear
Presumably that's just the tip of the iceberg.,Anticipation
He just took a calculated risk on the spur of the moment.,Anticipation
"Close shave, that one.",Surprise
Hoomey's teeth were chattering after his dice with death.,Fear
"There is a legal case pending, and it is a very, very dicey situation.",Fear
The whole area seemed fraught with danger.,Fear
You escaped death by a hair 's breadth.,Anticipation
Obey them to the letter and you will be well rewarded -- any bungling or playing the fool and I doubt you'll live to tell the tale,Fear
"And would the swans find shelter from the storm, or ride it out like three-masted sailing ships?",Anticipation
Och he knows you're in safe hands like when you come round here.,Trust
Safety in numbers.,Trust
"You really do like to sail close to the wind, don't you?",Sadness
A business worth three billion pounds a year is at stake.,Fear
"If the bombing starts, take cover in the basement.",Fear
"And the, the swaying of the ship and I used to sleep like a log.",Trust
I can not sleep a wink now.,Sadness
The tree was destroyed before it could bear fruit.,Sadness
Can Desert Orchid the champion bring the house down and win.,Anticipation
"Anne Dawson, had your chips?",Surprise
Sure an' they must be pleased seein' the geddle come up in the world like she has.,Joy
Today's sticker is from the French Grand Prix he won to get back on course for the title with his sixth superb victory.,Joy
I'm gon na fall flat on my bum.,Fear
McLeish smiled to himself at the swift fall from grace in the postscript.,Joy
"While all her instincts balked against becoming too enmeshed with Vitor, she seemed destined to fight a losing battle.",Sadness
It was a test that the Three-Ninetieth passed with flying colours destroying thirteen enemy aircraft and achieving excellent bombing results.,Joy
For months the polls have been predicting an unprecedented landslide victory for the Right in next month's general election.,Anticipation
The station which persuaded him to make a comeback says it can't believe its luck.,Joy
"We know that as soon as we try and make inroads into that it, it would absolutely mushroom.",Anticipation
Erm you probably all know Murphy 's law that what can go wrong will go wrong.,Fear
I'm not getting anywhere my legs aren't long enough,Sadness
He married someone else in 1860 and drops out of the picture.,Sadness
He says well if you want to pack it in love.,Joy
I hope with all my heart that you find it a pyrrhic victory.,Anticipation
"And if Emily had expected Craig to ride in on a white charger and save the day, she had been doomed to disappointment.",Sadness
"It was my 85th birthday recently and out of the blue, a letter arrived from my daughter containing tickets for a four-day trip to Paris.",Surprise
"He had to do a double take, bumping into a filing cabinet.",Surprise
Everyone looked round and Biff's jaw dropped.,Surprise
She almost jumped out of her skin when she saw it.,Surprise
Alyssia stopped dead in her tracks.,Fear
I say wonders will never cease I have just written a receipt  and I have put it in her envelope.,Surprise
"Plod could herd them all together into a group, march them to and from their destinations, depriving them along the way of all alcohol  and beat the living daylights out of any who still insisted on stepping out of line.",Fear
"Well you can guarantee they're gon na fight tooth and nail over this job creation scheme, to stop it.",Anticipation
I think they feared that we wouldn't at that stage we'd be opening up free for all of the kind which we've obviously been seeking to avoid thus far.,Fear
"Now though, the gloves are off.",Anger
"What do they say, they're up in arms?",Anger
"I managed to win a couple of quid on Deano to score the first goal, at odds of 7-1.",Joy
"Over my dead body, I said.",Anger
Bernice made a vow never to pick a fight with him.,Joy
Don't you pick holes in my religion.,Anger
Don't split hairs.,Trust
"The ad-man opposite had been casting meaningful glances at her all evening, and the likeliest explanation seemed to be that she and Roger were doing a number together and I'd inadvertently got caught in the crossfire.",Surprise
"They wondered why it was that the storm had left them in this stifling, steamy condition when storms were supposed to clear the air.",Surprise
"The two bodies are often at loggerheads, and there are constant disputes over methods.",Anger
Today the world's top giant slalom men lock horns for vital early points in the World Cup battle which ends next March in Sweden.,Anticipation
"And he can't wait to start work on a movie version of the bard's famous play, Much Ado About Nothing.",Anticipation
But Ilona's alter-ego remains a bone of contention between them.,Anger
"She was tempted to call his bluff, hardly able to believe he'd carry out his threat.",Surprise
"Now if we were actually to do that in our service books, which is what one of the things that the Methodist conference suggests we consider, just crossing out and putting in the correct non-sexists language, I bet you that eighty percent of our church would be up in arms.",Anger
"Somebody's in a black mood, they were objecting to that.",Anger
The electronic scoreboard at Leeds Road could blow a fuse when the Aussies play us next month.,Anticipation
You're a bit cheesed off are you Teresa?,Anger
But I don't want you to fly off the handle.,Fear
"Oh yeah, yeah used to get on my nerves.",Anger
He'd go spare.,Anger
Now on top of her injuries her insurance is set to go through the roof.,Fear
"Hey, d' you hear about the fire-eater who couldn't go anywhere without meeting an old flame, made him feel really hot under the collar.",Sadness
"They plan to be back in Europe in October or November, and if their performances are anything like the last London one, you'll kick yourself for missing them.",Anticipation
Can't you mind your own business?,Anger
"This quick temper that flared at nothing, that was new.",Anger
In terms of how rant and rave for probably not very long and you don't get aggressive behaviour.,Fear
"Glancing at those muscular knees, ruddy beneath the hem of his pleated tunic, she made up her mind that if he ever attempted to spank her again she would scream blue murder.",Anger
Did he want me to eat shit or the words stick in my throat and choke me?,Anger
"It makes my blood boil, it's sacrilege.",Anger
"When the rations were yet again reduced, that was really the last straw.",Anger
"With bated breath and trying to make herself invisible, Joan waited for them to pass the alcove and make their way downstairs.",Fear
It is enough to make you break out in a cold sweat.,Anticipation
No wonder she's bundle of nerves.,Fear
"Fortescue is hopping like a cat on hot bricks, demanding something should be done, but he has no more idea than I what can be done.",Anticipation
You get your legs get stiff you get pins and needles and things like that.,Fear
"I think that these articles will hit home, cause a stir, such a stir as Henry Mayhew created some time ago when he, too, wrote of the cabined and confined lives of the capital's poor.",Sadness
Bernie's such an eager beaver.,Anticipation
"I was sitting on the edge of my seat, jumping up and down, shouting.",Joy
Her legs trembled as his strokes of desire on her thighs crazed her need to fever pitch.,Anticipation
"Millions of carers argue that they bear the brunt of the job... without recognition, or proper payment.",Sadness
The only thing I'm bent out of shape about is that nobody knows it's a different pickup; everyone thinks it's a regular Trembucker.,Anger
"You know, because it was absolute, I was bored to tears.",Disgust
She was cut to the quick by the accusation.,Sadness
The soft sound of voiding filled the air as he rolled over in agony like a fish out of water.,Sadness
"Well, in the morning, when you've got over your fit of pique, about I don't know what, I'll expect an apology from you.",Anger
"For Pete's sake woman, get a grip on yourself.",Anger
Don't let him get worked up.,Anticipation
"Mike Waterlane's their only decent player, and he'll go to pieces as soon as his father turns up.",Anticipation
"You don't tell me it's because you've got a lump in your throat, or an ache in your heart, or a sensation of nausea in your stomach.",Fear
My bet is Peachcake'll be pleased as punch.,Anticipation
The 8 successful trips so far speak volumes.,Joy
I need to let off steam.,Anger
How musical the river and how charming the trees whispering sweet nothings as we pass.,Joy
"I was absolutely in my element, how did I come over, Jannie?",Fear
Men propping up the bar over lunch will bewail the loss of earlier freedoms when they were footloose and fancy free.,Sadness
"The eating had ended, and the drinking was in full swing.",Joy
"You're full of the joys of spring at the moment, so make the most of this harmonious period.",Joy
"If attending a wedding or party of close friends, you should have the time of your life",Anticipation
"Me friend over in Norway, she said she's she got over there and sat down and she thought, yes, she's got the Complete Works of Shakespeare, I'll have a whale of a time trying to read it, she picks up the book, it's all in Norwegian.",Sadness
Let Your Hair Down' boasts a Beatles riff and a Michael Hutchence vocal.,Joy
You want to have a good time and paint the town red this weekend.,Joy
The party is over.,Sadness
"Pull the other one, Jo, it's got bells on it.",Anticipation
"Dorothy Snook, of Bristol, will be on cloud nine after a stay at the Hereford Moat Hotel, which includes flying lessons, a balloon flight and a helicopter lesson.",Joy
"She supposed she was feeling a bit down in the dumps, apprehensive too about celebrating Christmas Day at the Danbys.",Sadness
He had never seen Karr looking so down in the mouth.,Sadness
He was grinning from ear to ear and pointing his finger up to the flies.,Joy
"Oh, he's on the telly, he must be happy as Larry.",Joy
"My heart sinks, the great indefiniteness of the world is spreading through the files like damp.",Sadness
Our hockey girls jump for joy as Jane Sixsmith scores the goal that clinched a bronze medal.,Joy
"Chairman all I've heard so far is music to my ears er thank you. I'd like to er say one or two words before er moving the amendment and I, I'm very pleased to to hear that the two are to be incorporated as it were into this one.",Joy
He's as pleased as Punch about it.,Joy
She was in seventh heaven.,Joy
Good god ur Susan will be thrilled to bits if you went again.,Joy
But Princess Di was tickled pink yesterday by this new portrait.,Joy
"Anyway, she's on top of the world.",Joy
I'm absolutely walking on air.,Joy
Mark'll go bananas I expect.,Anger
Your harebrained idea of going to the chap instead of me.,Anger
"No but I'm not used to all the boys like being around and they're really manipulative, you know, and they really, they're really cunning and clever, you know? And I'm not all there, you know?",Disgust
"The lady with the upright hair who Gloria said had a screw loose, clattered into the bedroom holding out a steaming jug on a tray.",Surprise
You must be stir crazy.,Sadness
He was so wide of the mark that it made her smile.,Joy
"Watch for the fireworks, or gatecrash the party in ten minutes.",Anticipation
"My attitude on the block was, they know what they're there for, if they overstep the mark they know what to expect.",Sadness
It's always been the bane of my life that you can eat your way through a tuckshop without gaining a pound while I only have to look at a picture of a cream cake to make the scales groan.,Disgust
Only I had to carry the can for it.,Anger
"I was terrified of him, but I found myself in a horrible Catch 22 situation.",Fear
There were ominous dark clouds gathering overhead now and a chill wind.,Fear
"There was a cloud on the horizon, however, which worried the Bradleys.",Fear
"When the going gets tough, where will the hostess retreat to?",Fear
Soon the cat's back and the seal would be high and dry.,Fear
"After being left in the lurch like that, she'd probably have talked.",Anger
You heard it could be murder?,Surprise
But I am in a pickle when I get one.,Fear
There's one thing about junk food -- it gives you a quick fix of carbohydrates and sugar.,Joy
Saved by the bell.,Surprise
Heavy dependence on sponsorship and arts council cash could spell trouble as the recession hits arts budgets.,Fear
This too may merely serve to let the situation spiral out of control.,Surprise
"And never forget, it's an away match, and we're on a sticky wicket.",Trust
We're not trying to stir up a hornet 's nest but we do want to let everyone know what we're trying to achieve.,Anticipation
But I think it's take the bull by the horns,Anticipation
The launch day saw a few teething problems.,Sadness
"Hearthwares shall come, in case we need to fight our way out of some tight spot.",Anticipation
Voice over Oxford's uphill battle against relegation continues tomorrow at Barnsley.,Anticipation
I'll batten down the hatches.,Anticipation
"Because when you do run across the road, you get to the other side, and you're thinking, good gracious, that was a close shave, I'll have to sit down for a minute, I think I'll have a cup of coffee or something.",Anticipation
"You need the help I can give you because if you unknowingly make a false move or fail to react promptly because you're not sure what to do, your daughter will be dispensed with as being too risky a property.",Fear
"But now, in her present jittery, restless mood, it seemed fraught with danger.",Fear
"But here and there some found action on this very camp, and didn't live to tell the tale",Fear
"We're on the edge of what we call a no go area, if we try to sail any closer to the wind the boat will come upright, the sail will flap and we'll slow down and stop and so the best we can make either side of the no go area is known as a beat.",Fear
We know employees are being blackmailed with their jobs to risk life and limb so employers can make a fat profit at our expense.,Anger
So it's best just to be er on the safe side.,Fear
"The first type had power, and safety in numbers.",Trust
Russia and Ukraine sail close to the wind on Black Sea fleet.,Anticipation
It's her small child who is at stake.,Sadness
I did not sleep a wink last night for worrying about you and if you are alright.,Fear
The Oxford West and Abingdon seat is likely to be a neck-and-neck sprint to the finish between the Tories and the Liberal Democrats with Labour a more spirited also-ran.,Anticipation
Back to square one again Shel.,Sadness
The Dalek Killer's led us up a blind alley.,Surprise
Plant says the act'll bring the house down.,Anticipation
It all but sunk Pompey and put United on the crest of the wave.,Trust
"She's dead in the water, and out of range of our conventional rescue forces.",Sadness
It's all downhill from now on.,Sadness
And she passed with flying colours,Joy
"Oxford University's Matthew Syed has got off to a flying start in the Olympic Qualifying tournament in Italy, winning both his opening matches.",Joy
"This month, try to get a foothold on freedom.",Anticipation
Oh go up in smoke,Fear
President-elect Clinton takes office in January after a landslide victory over Bush earlier this month.,Anticipation
The young members section has come on in leaps and bounds in the last few years.,Joy
The insurance business cycle is also at a low ebb.,Sadness
"To put that off, she needed to make headway that would be noticed in the real world.",Anticipation
"With six shoes under 37, Diadora is likely to make inroads into the budget end of the market.",Anticipation
"That, she thought, will be the moment of truth.",Anticipation
It is only through my imaginative shuffling of the aces that we are able to stay ahead of the pack.,Anticipation
"But tomorrow never happens and, worse, the wife does the one thing absolutely guaranteed to put the kibosh on the whole matter.",Disgust
"Inflation seemed like a pyrrhic victory, almost a tease.",Disgust
A proper rags to riches saga.,Joy
"She grabbed Steve's sleeve, their eyes in unison watched the ball sail through the air and high over the net.",Anticipation
Fraser Digby was trying to save the day when he gave away a penalty,Sadness
We sink or swim together.,Trust
I don't think they will throw in the towel as they did against Pontypool last year.,Anticipation
"He used a wooden spoon to stir the mixture, whistling softly.",Joy
I hope she doesn't throw the empty glass out into the void to follow its contents; pity the hapless passer-by under that little bolt from the blue.,Anger
Then I got a phone call out of the blue from Mandy the next morning.,Surprise
Mrs Friar's jaw dropped.,Surprise
"Good God, he thought, I should like to do something that would really make her jump out of her skin for once.",Surprise
"It won't knock your socks off, but any new species of parrot is pretty exciting.",Joy
"Indeed, there is a tint of punk rock as in a couple of places and this will raise eyebrows vocalist Billy Nicholson sounds like the dreaded John Lydon.",Surprise
"John was standing rooted to the spot, his expression stony.",Anger
"If you're still not convinced, seeing is believing.",Surprise
"Manville stopped dead in his tracks, whirling to confront the guard.",Anticipation
"I can't believe it, wonders will never cease.",Surprise
"The woman has had to fight tooth and nail, probably, and work much harder, to get at an equal level with the man, so I would suspect that I'm getting value for and quality there by going for the woman.",Trust
Without it there could be a free for all and if abolition goes through the employers may well find themselves having to resort to some form of cooperative or wages club in its place.,Anticipation
Officers at Darlington Borough Council say the gloves are off in the battle for compensation over the town's 12m Dolphin Centre sports complex.,Anger
Southwold are up in arms with it.,Anger
"Poor man was through the wars, wasn't he?",Sadness
"I always seem to, I think we, we were always at Stanford Hall that we must, it was a must that we have a good programme because if somebody comes and there's nothing doing, they think well.",Anticipation
"Over my dead body,' Mitch stormed.",Anger
"I have constructed a kitchen out of flatpacks with only one minor nervous breakdown and one remarkable shouting match involving my wife, her mother, myself and how a length of pine beading ought to be attached to several wall cupboards.",Joy
"Their mission was less ambitious than the day before, just to clear the air over the battlefield.",Anticipation
For almost 18 months Margaret Thatcher and Nigel Lawson have been at loggerheads over sterling.,Anger
"His officer had recommended him, noticing he was not like everyone else, that he never buckled, and, in life's battle of wills, could stare down any enemy, overcome any weakness.",Trust
Last night's developments came just 24 hours after today revealed how Diana had agreed a secret pact with Charles to bury the hatchet for the sake of appearances.,Disgust
Everyone ought to be up in arms about it.,Anger
Why don't you guys get off my back?,Anger
"Donald and Jean had disappeared and Mary was in a black mood, striding along and making old Donald gasp.",Anger
I'm so cheesed off with you lot can't we do anything about it?,Anger
"Who's offside, who's offside for crying out loud?",Anger
"But vegetarianism is purely a matter of choice and there's no people that harp on about you shouldn't eat meat, get on my nerves.",Anger
"However, one party source said: The gloves are off.",Anticipation
"Mrs Mangle would be mortified, Harold horrified... and Scott would go spare.",Surprise
"Once that happens, according to the Meat and Livestock Commission, the floodgates will open and prices will go through the roof.",Anticipation
"Most have been exterminated, and good riddance to them.",Disgust
Joe thought it was wiser to help her get up and fight her hard luck than to harp on it.,Surprise
And people can also get pretty hot under the collar on Central Weekend.,Anger
He appears to have a quick temper and uses his hands continually when he speaks.,Anger
It made her want to rant and rave and kick out at something - preferably him.,Anger
She was ready to scream blue murder when the flap landed on her tender slit.,Anger
Matilda was also beginning to see red.,Anger
"He held his temper on a pretty short fuse, and it was as liable to explode in the face of a headmaster as in that of a dustman.",Anger
Their steamed up windows excited George.,Joy
It's a subject that makes my blood boil and disappointments have left me a blister short of swearing.,Anger
From July onwards the town of Whaddon had waited with bated breath.,Anticipation
She was a bundle of nerves.,Fear
"Like a cat on hot bricks, ain't she?",Disgust
"He longed for action, yearned to be trusted with high responsibilities, to undertake prodigious feats requiring a cool head, a stout heart and nerves of steel.",Anticipation
He woke with pins and needles in his foot and Lee poking him.,Disgust
I'm scared stiff I'm going to lose touch with my children.,Fear
"He also gives us a measured degree of self doubt mixed with evasiveness and a realistic progression from a young, ambitious eager beaver on the music hall circuit to a very old man languishing with his memories in Switzerland.",Fear
I was on the edge of my seat for most of the time but nobody could deny we deserved this result.,Anticipation
The fans at fever pitch.,Joy
He was raring to go.,Anticipation
Wimbledon had been expected to bear the brunt of the FA's displeasure because of their past record.,Sadness
You are beside yourself.,Anger
"Mind, I get bored to tears with doing this every damn day.",Disgust
"When Lucy suggested a quick drink, Jay was cut to the quick and described herself, with sparse and ironic regret, as working late.",Sadness
"Alyssia watched from the sidelines, feeling like a fish out of water, watching Piers from under her lashes.",Anticipation
Maybe this was in a fit of pique when the relationship was down rather than up.,Anger
Might get it out of your system.,Anticipation
I don't think you should let yourself get worked up like that.,Anger
He's as pleased as Punch about it.,Joy
Others have behavioural problems and need to let off steam in a safe and controlled setting.,Anticipation
And the brothers who are getting all steamed up about their driving test.,Anger
In a stew?,Anger
"She was not going to dig up ancient grievances or remind Gloria of days gone by, when she used to come into the Watermen with half a dozen different gentlemen-friends in tow or, which was even worse, unaccompanied and on the look-out for a lonely man who might take a fancy to her.",Anticipation
The idea makes me feel weak at the knees.,Fear
"Mike was wearing a jester's outfit with bells on, one leg red and the other leg yellow.",Surprise
I was in my element.,Joy
The dog hunt is in full swing on a fresh scent.,Anticipation
"On a good day, it only takes a glimpse of blue sky or a tree in blossom to make me feel full of the joys of spring and in love with life",Joy
I think. you really ought to let your hair down and become one horny bitch.,Anticipation
"But old Walter, he was such a jolly soul-so bright, and loud, and down-to-earth, so much the life and soul of the party. Not at all my idea of a writer.",Surprise
Tonight we're going to paint the town red.,Fear
The overiding feeling among local people is one of relief that the party is over.,Surprise
"It's all right, I'm only pulling your leg.",Joy
They always saw his jokes before he got to the punch line.,Anticipation
Gispy Fiddler put Jonjo on cloud nine with a Royal Ascot win two years ago and was having his first run for almost a year when shaping well behind Bit Of A Lark at Haydock.,Joy
When I left you last night you were positively down in the dumps.,Sadness
"Jesus ain't arf depressed at seeing his children down in the mouth, me deario.",Joy
"There was a tall muscular man of about his own age standing naked before him, grinning from ear to ear.",Surprise
She turned to see a very large handsome man holding out a cardigan and grinning like a Cheshire cat.,Joy
He had to make his own terms. Ten years later Burton would have been as happy as Larry.,Joy
In the evening the surround tops flamed red in the rays of the setting sun and cheerful singing emanated from the tent of our happy go lucky band of sherpas,Joy
But my heart sinks within me.,Sadness
It is pleasing that there is a large degree of support for the Southern fire station as I said it was music to my ears.,Joy
"He had landed a contract as pleased as Punch, and I made a feast for his friends.",Joy
"The old lady was in raptures over him, however.",Joy
But Leonora was in seventh heaven.,Joy
Oh I said I'm thrilled to bits with that.,Joy
We were all tickled pink.,Joy
People who believe in the ancient chinese art of Chi-Dynamics say it'll make you feel on top of the world.,Joy
You can bet your bottom dollar some teams would go bananas on that.,Sadness
"Poor Loopy Lil, she had a screw loose.",Sadness
"Now she comes to a decision whatever the cost and there is a cost, she's gon na have to eat humble pie, how are they gon na receive her when she goes back.",Anticipation
It's a Freudian slip isn't it really?,Surprise
"I don't want to speak out of turn, of course.",Fear
They should not stand on ceremony and overtly assert their authority.,Surprise
"Derry's achilles heel so far in the current campaign has been a lacklustre, inconstant midfield.",Sadness
The blasted thing's on the blink again.,Anger
Making me carry the can.,Disgust
Angry Fry vowed to take Barnet to an industrial tribunal for unfair dismissal -- promising that the story of his stormy relationship with Flashman would' all come out in the wash.,Anger
But Ms McIlroy grasped the nub and crux of the matter.,Joy
When Matt married Inez I was left high and dry.,Sadness
I wouldn't leave her in the lurch.,Trust
"There was going to be murder before the night was through, and I had to get clear.",Anticipation
Tim and I are just simply out of sync at the moment.,Sadness
"If a complaint arises, it declines to pass the buck to tour operators, hotels or airlines.",Trust
"So far, research into psychoneuroimmunology has done no more than scratch the surface of this potentially important topic.",Anticipation
"It is happening with many other crimes, as crime figures spiral out of control.",Disgust
I'm the tar baby.,Sadness
You're in a tight spot.,Sadness
Everything had gone without a hitch.,Joy
We have had to batten down the hatches.,Fear
"Bit of a close shave, that.",Surprise
"And, once you're there, stay absolutely quiet -- take slow, calm, soft breaths and don't move an inch until you are sure that the coast is clear.",Anticipation
I wasn't as convinced as Malpass that Nevil was out of harm 's way.,Fear
"This meant that Crawford would ride it out, appearing from under the water.",Anticipation
"But just to be on the safe side, we're taking the Coal Board to court.",Anticipation
Safety in numbers was an illusion.,Surprise
You've already had one long journey today and I'd rather you didn't fall asleep at the wheel.,Fear
"I'm supposed to be resting, but after I'd had forty winks, I felt a lot better, so I toddled over here.",Trust
Or you can do absolutely nothing but lie in the sun in the garden and tan.,Sadness
A key ingredient in his rise from a minor counties' also-ran to England strike bowler was a brief coaching session with the Dennis Lillee.,Trust
I long for a blockbuster that's also good writing,Anticipation
"Evans made the saving tackle, just as he did when Tony Stanger, having barn-stormed out of Wayne Proctor's tackle, threatened to bring the house down in a move created by Craig Chalmers' adroit collection of Mike Rayer's kick, the irrepressible Armstrong arcing out of harm's way on a touchline blast and the thumping support of Cronin and Kenny Milne (one tighthead to the good).",Joy
One of Britain's biggest service companies has come to grief with disastrous figures and a crash in its shares.,Sadness
Male speaker It's heartbreaking to see your ducks dead in the water.,Sadness
The rest was all downhill.,Sadness
"Who's going to look after them when they fall flat on their face and come whining, that's what I want to know?",Anger
"Its own nature, the fall from grace, the eating of the fruit of the knowledge of good and evil?",Sadness
"Do we have the makings of a champion, or does stress and anxiety get the better of you?",Fear
hey haven't achieved such a swing since its landslide victory in 1945.,Joy
Or will they live to fight another day?,Anticipation
"Happily, the faux-pas hasn't stopped Dino continuing to make inroads into the Irish record market",Joy
Are you ready for the moment of truth?,Anticipation
And Caro knew that Hugh was out of the picture.,Joy
I want to sail through with you like the fish.,Trust
And not even Glen Hoddle's magic touch could save the day.,Sadness
She'd never have had a smash hit on Broadway if she'd stayed here to work.,Sadness
We're on the up and up.,Joy
The Mishcon job came like a bolt from the blue.,Surprise
His jaw dropped slightly as he took them in.,Surprise
He jumped out of his skin like he'd been stung.,Surprise
"Horror-struck, she was rooted to the spot with terror, her eyes drawn to the top of the stairs, waiting for the first sign.",Fear
"We are left with the unspecific practical objection, the objection that is as much to say that only seeing is believing.",Fear
"He stopped dead in his tracks, rooted to the spot with horror.",Fear
Meryl was struck dumb.,Surprise
"Words fail me, I tell you.",Sadness
"But he doesn't wanna hear everyone have a free for all, if you've got something to say, well say it.",Anger
"However, one party source said 'The gloves are off.'",Anticipation
"The market traders are up in arms about this and I found them in the process of trying to get a petition together but it it wasn't put together right, they were just getting people to sign blank pieces of paper.",Anger
"That first day at school depressed me, and during the next few days I begged my parents to let me stay at home, which of course was out of the question.",Sadness
That was before I was cognisant of the fact that my Wakefield caucus would only have one in over my dead body.,Anger
"Malone rushed from his dug-out to protest and was joined by Linfield officials in a shouting match, with both factions having to be physically restrained by players.",Anger
"The whole day had been a great strain and although they had attempted to resolve their differences and clear the air, Rachel found herself dreading the prospect of working with David Markham on a permanent basis.",Fear
Councillors have found themselves at loggerheads with the Government on a number of occasions.,Anger
"The Everyman is making this exclusive offer to the Echo to promote the two for the price of one Bard Card ticket, which operates for its own Shakespearian production, Much Ado About Nothing, until Friday.",Anticipation
"In 1751 the Julian calendar was abandoned by the Chesterfield Act which instituted the Gregorian calendar, but all hell broke loose.",Anger
"The main bone of contention is not the Josef P. Kleihues-designed building itself, but the plan to raise the adjacent sculpture garden on top a two-storey parking garage, masking it from pedestrian view with a sixteen foot stone wall.",Surprise
"Do you not think she must be up in arms by this time, at being treated like a bone between three dogs?",Disgust
"Get off my back, Zimberalda.",Anger
"But soon he relapsed into his dangerous black mood, fingering the razor-sharp edge of his knife.",Anger
"So I mean, in the end even animals can get cheesed off.",Anger
For crying out loud.,Anger
"Cut it out, Ma.",Anger
"I'm just a small part of a team, so you needn't get your knickers in a twist trying to be polite.",Anger
"Oh, give it a rest.",Anger
Tarquin and Lucretia go through the roof.,Joy
"Oh, why must you harp on about that.",Anger
People should get hot under the collar when presented with dreary architecture.,Anger
The frustration and worry she felt at the moment were enough to make her want to scream blue murder.,Anger
"She had planned on no such thing, but the mere thought of Piers with Nicole had made her see red, and her reaction had made her angrier still.",Anger
She was standing there crammed full of enthusiasm and energy like a bomb on a short fuse.,Anticipation
"He really gets steamed up if they're left open, you'd think somebody was going to run off with the timber mill.",Anger
When I think of the large sum of money this office has put into that gutter print it makes my blood boil.,Fear
Italy must take the biscuit.,Trust
That's the last straw.,Anger
"That's what it was all about six years ago, why you were a bundle of nerves every time I came anywhere near you, because you couldn't cope with your feelings.",Surprise
"Poor kid, thought Alice, he's scared stiff.",Fear
He was still on tenterhooks waiting for his directors decision about the manager's job.,Anticipation
"I had no personal control over branch funds, but had to bear the brunt of the attack.",Anger
I'm bored to tears with your feeling guilty.,Disgust
So people were increasingly being faced with the problem of lots more dog mess close to home and how to dispose of it.,Disgust
Incredibly deep down.,Surprise
"I looked at Sogono, in his olive greens and boots, he looked a fish out of water.",Surprise
"Odd, the things people get worked up about.",Sadness
"The following day, however, Mrs Thatcher had a change of heart, and asked him to flesh out his figures.",Surprise
You've pushed her nose out of joint.,Disgust
"Pleased as Punch, like I thought.",Joy
You want to let off steam?,Anger
So he left me in a stew of doubt.,Fear
"Swallow your pride and your anger, old man.",Anger
I'll be on tenterhooks.,Fear
"A moment later the two of them had disappeared into the house, leaving me standing there in the sunshine, feeling suddenly weak at the knees.",Surprise
"After a while, the bullying at school didn't affect me too much, and I was in my element with all the wildlife around me.",Joy
As you cruise the waterways on a luxury motor launch feast your eyes on the illuminated city and feast yourself on a delightful 4 course dinner.,Joy
She's still full of the joys of spring.,Joy
A playground and playhouse keep the tots happy while the teenagers have a ball with a whole host of absorbing activities.,Joy
"Willi was infinitely preferable when they were in a crowd, when he was being the life and soul of the party.",Joy
Take it easy on the roads.,Sadness
Voice over and let's hope they're all looking on the bright side of life for this week's coca cola cup games... now there was a time when Gloucester rugby would always give us a cheer... but they're down in the dumps too.,Sadness
"As Michael looked at the man sitting opposite, his fat ugly face grinning like a Cheshire cat's, he felt an impulse to smash his fist into his teeth.",Anger
Honestly that plus my homemade crme caramel made in the individual ramekins and he's happy as Larry.,Joy
"Although I'm a Summer Exhibition veteran, my heart sinks when the letter from the Royal Academy arrives.",Sadness
Female speaker I was over the moon.,Joy
"He was a strong, healthy lad and as pleased as punch to be working with Dad.",Joy
"Match of the Day's team, as well as his own, in raptures.",Joy
Super Steve's in seventh heaven.,Joy
"But it also brought a smile to manager Brian Horton, and I was thrilled to bits for him because he's taken a lot of stick over recent results.",Joy
How plumptious I feel and tickled pink.,Joy
But you can be sure that you'll have the time of your life.,Joy
He said I'm on top of the world.,Joy
An hour later Sophie left the pet shop feeling as though she were walking on air.,Joy
"Well no because they just go bananas if you do, you've got to be careful.",Fear
Angry scenes erupted at a meeting in Darlington last night as the British National Party tried to gatecrash an environmental debate.,Anger
Its clatter set alarm bells ringing in her head.,Fear
"I stopped laughing and sat on the floor, back to the wall, legs out straight.",Joy
"My telephone's on the blink, and we're revamping the reception area as you'll have gathered.",Anger
Fear returns to haunt us as managers carry the can,Fear
Matters regarding the Grammar School had come to a head.,Anger
It leaves me high and dry as far as the debt's concerned.,Anger
I got the feeling that there could be murder done.,Anger
The interruption had knocked her thoughts out of sync,Surprise
The above four cases only scratch the surface.,Anticipation
"If it looks as if it's going to be nasty, I take the easy way out.",Fear
Mr Kelloway says there have only been minor teething problems and he is satisfied the machine is ready for production.,Anticipation
But once again the thorny issue of bolts in West Penwith is raised.,Anger
The raid itself was an unmitigated disaster.,Disgust
As far as road races are concerned we are having to financially batten down the hatches this year and all events will be self-financing.,Anticipation
It was a calculated risk.,Trust
You may even throw caution to the wind and try one of our Mystery Trips.,Anticipation
"He has polished shoes, a close shave, and too much pride for a free drink.",Trust
But every day hundreds of ordinary workers dice with death to complete these essential tasks.,Fear
"It seems to be looking straight at me, its knuckled legs poised, tense, waiting I know for one false move from me to trigger it into an electrifying spring... straight at me.",Fear
"The classic case is that of the American bison, reduced from millions to a handful of individuals, and saved from extinction by a hair 's breadth.",Sadness
"The first time he tried it, with elastic supports round his wrists, Anne Heaton was terrified and wondered whether she would live to tell the tale, but it worked.",Fear
"Proceed with caution and, at the risk of sounding like a tabloid astrologer, look before you leap.",Anticipation
"Ambulances arrived, Ivor and Pauline were in safe hands.",Trust
Nothing less than the future of mankind is at stake.,Fear
"But watch your step, Kit.",Fear
Jo began frantically to try frame a lie in her mind but she could not think clearly.,Fear
"Rejected at that level, he was back to square one, at a disadvantage.",Sadness
The Chancellor's policies are not expected to bear fruit until the spring.,Anticipation
Publishers and film-makers are already beating his door down for blockbuster number two.,Sadness
This is often far from the case and many a combination has come to grief at the very last fence.,Sadness
"Of course Carvill's Hill started off a dead cert, yet he limped home badly beaten.",Sadness
"We're dead in the water, small children laugh in our faces.",Disgust
"Fortunately, like the other tests, the 31-year-old convent-educated beauty passed with flying colours.",Joy
We haven't worked all these months to have it go up in smoke now.,Anger
"Yup, I've got it made.",Joy
But father had no faith in my ability to make a go of anything.,Sadness
They believe MPs could make a killing as they will know the likely outcome before the vote.,Anticipation
Keepers face make or break decisions,Anticipation
"In other words, it is a form of Murphy 's law, things always tend to go wrong.",Sadness
They were left with the feeling of not getting anywhere.,Disgust
"I wasn't sure that our clothing would pass muster at the doors, but others in the crowd were even more outlandish and uncivilised.",Surprise
"This was indeed a Pyrrhic victory, because West Indies cricket was assuredly the loser.",Sadness
The present rendezvous had been riding high on my chart of dreads.,Fear
The fact that Scotland tried to rise to the occasion was worth more than just two precious points.,Joy
Marie Brown thought she was one of the fortunate ones to sail through unaffected.,Surprise
Captain Tony Wright came in to save the day.,Joy
He'll have to sink or swim.,Trust
"And the search is on to find the top dog among an entry of eight hundred collies, German shepherds and even poodles.",Anticipation
This order came like a bolt from the blue and I'm very grateful for it.,Joy
It was completely out of the blue.,Surprise
His jaw dropped.,Surprise
The unexpected sound of the deep voice suddenly coming from somewhere beside her made Laura almost jump out of her skin.,Fear
"She pulled it up again and lo and behold, there was water in the bucket.",Surprise
Everywhere in Greece the hoped-for growth of income from tourism depends in part on removing the smells that haunt too many beaches and other places where north Europeans twitch noses and raise eyebrows.,Disgust
Ashi found herself rooted to the spot in disbelief as she watched the threshing legs of her daughter.,Surprise
Talk about seeing is believing.,Surprise
 Simon had the satisfaction of seeing the chief inspector momentarily struck dumb.,Surprise
Mr West predicts that January 1 will mean a free for all.,Joy
"But if we wait long enough, perhaps thousands of years, Tit for Tat will eventually muster the numbers required to tip it over the knife-edge, and the population will flip.",Anticipation
"A big peak was out of the question; it was a little too late, a little too wet and miserable.",Sadness
He claims that the ex-Celt tried to pick a fight with him in the toilets at a function after Manchester United's unsuccessful FA Cup Final against Southampton in 1976.,Anger
You need to clear the air and get deep seated anxieties and worries off your chest Saturday.,Fear
Somehow you have to play devil 's advocate against your presentation and try to knock it to pieces.,Anticipation
Staff tiptoe past your room at night so as to let sleeping dogs lie.,Joy
"A little scared, very curious, ravenously hungry and ready to argue the toss with anyone after being passed from person to person like so many yards of parcelled muslin.",Fear
Then all hell broke loose.,Anger
His stomach was churning but he knew he could elude her if only he could remain calm and call her bluff.,Fear
"I wouldn't ask your father, but your mother would, I'm sure, be up in arms.",Anger
"For the love of Mike, Candy, will you please get off my back about Adam Burns?",Anger
Alain was in a black mood and Marguerite was trying hard to pretend she wanted to go back to Paris.,Anger
And really cheesed off about being left out of the action for so long.,Anger
Black And Blue is BBC1's controversial 90-minute drama guaranteed to get the law and order brigade hot under the collar.,Anticipation
We will all go and scream blue murder at the goats and make them thoroughly ashamed and sorry for themselves.,Anger
Nicaraguans see red over economic ruin Grinding poverty.,Anger
"I can tell you, he's got a very short fuse.",Anger
All steamed up over the real thing.,Anger
Mr Brown said the planned charges were the last straw for customers already angry over banks' high-handed attitude.,Anger
Neither Bradford nor Birmingham regrets entering the tourist trade - the industry waits with bated breath to see how Swindon fares.,Anticipation
Rosie was very insecure and a bundle of nerves.,Fear
"Mr Cubbage was like a cat on hot bricks, he was most distraught at Coleen's decision to go to England, and he bombarded her with letters and flowers.",Sadness
It calls for consummate timing and nerves of steel.,Anticipation
She would be suffering from pins and needles.,Anticipation
We were all gay but scared stiff to do anything about it.,Fear
I'm really on tenterhooks about the twins.,Fear
It was after the tour that Take That-mania reached fever pitch and the band were forced to employer a minder to make sure they don't get into any sticky situations.,Fear
But the Tigersharks are wide awake and raring to go.,Anticipation
"Just another wench, he told himself angrily, but deep down he knew different.",Sadness
"He will thrash in the bed, like a fish out of water, not censoring the words and pictures in his head.",Anger
How about that for a Freudian slip?,Surprise
I don't usually go to pieces like this.,Sadness
"The following day, however, Mrs Thatcher had a change of heart, and asked him to flesh out his figures.",Anticipation
"In effect, the message being sent to John and the other hostages was that they had to keep a stiff upper lip and hope that, one day, the kidnappers might let them go.",Fear
"Most people in Three Oaks Bay were awaiting Dizzy Liston's return with mixed feelings; mainly apprehension, mixed with trepidation.",Anticipation
And of course we're pleased as Punch to put him in print again.,Joy
Their very names speak volumes for the unity which the Spirit creates.,Joy
"It's just that he wants to let off steam, and you're the only person he can lose his temper with.",Anger
"These were wise words from a wise old bird, but Matilda was too steamed up to see it that way.",Joy
"Drama Zoff detailed the drama behind the scenes as Gazza was kept on tenterhooks for the past four days, wondering whether he would make his Italian debut.",Anticipation
"Yo dudes, it's time to chill out with DJ Phil Disco King.",Joy
"The equivalent, I suppose, of someone who loves chocolate falling into a big vat of the stuff and unhurriedly eating their way out. I was in my element, immersing myself in all the terms falconers use and studying Brian's vast collection of equipment, some of it quite old and valuable, but in immaculate condition, like his birds.",Joy
"The morning session at the law courts was in full swing, and the halls and corridors were crowded.",Anticipation
She was having a very enjoyable time and was clearly the life and soul of the party.,Joy
'I was only pulling your leg' his face collapsed with relief.,Surprise
"In 1987, when I was chosen to fight my first election at Birmingham's Perry Barr, I was on cloud nine, even though it was a safe Labour seat.",Joy
"At first, we thought everyone else was booming while we were down in the dumps, but from talking to other businessmen you realise that everyone is suffering the same.",Sadness
Suddenly Lisa was grinning from ear to ear.,Joy
"' Smile,' he said, his voice indicating that he was certainly grinning like a Cheshire cat.",Joy
"What she wanted was to slap Nicolo Sabatini's face, to stalk out of the Sala dell'Arte and never look back.",Anger
The sight of a twig she had picked bursting into bud in a vase was enough to send her in raptures.,Joy
Birthday boy Fred Proctor was in seventh heaven after notching up yet another election success.,Joy
"People have been diagnosed with cancer etcetera, erm, in fact at the convention yesterday, they had some clients on the stage, one lady had been diagnosed with breast cancer, she got a pay-out from living assurance, five years later she's been cleared, and, and she's thrilled to bits about it.",Joy
It was a wonderful feeling as if I was walking on air.,Joy
We would soon be in input overload and go nuts.,Anticipation
"If you overstep the mark, you may find yourself involved in a costly legal fight.",Fear
"General de Rivieres, the creator of Verdun fortress had warned that its Achilles Heel lay on the Left Bank.",Fear
There were alarm bells ringing in Edward's skull.,Fear
Asking for trouble to put steps like that where there are old people.,Sadness
Every time it goes on the blink I wonder who'll win.,Anticipation
"We were caught, high and dry.",Surprise
"But scratch the surface, and an astonishing mystery is revealed.",Anticipation
Let's just say I got in a tight spot.,Fear
This is the tip of the iceberg.,Anticipation
I hope all your plans go forward without a hitch.,Anticipation
"Al Jourgensen is running around backstage, shouting out such helpful commands through his megaphone as' Batten down the hatches', and' Splice the mainsail'; stopping every minute or two to proudly show off his new tattoo.",Anticipation
"But even if they are carried, the second shot becomes fraught with danger.",Fear
"Muriel, probably because of her years and the fact they were looking for a more mature person, was by a hair 's breadth the front-runner, ahead of two younger girls both with experience of the insurance business.",Anticipation
In order to survive the jungle and live to tell the tale it is important not only to have good companions.,Fear
I believed he was in safe hands.,Trust
The audience had been told to disperse to their cars to take cover.,Fear
"Anyway, you'd better watch your step.",Anticipation
"She was too tall and untidy, but her quality shone out like a light as she passed into the crowd, and the noise and the tension that are part of even the smallest race meeting.",Surprise
"With so much within easy reach, we were clearly spoilt for choice and decided to sleep on it.",Anticipation
"Both projects, and more besides, aim to make Microsoft an also-ran in tomorrow's markets.",Anticipation
So I'm back to square one.,Sadness
No you've got them in the bag.,Surprise
Over eight hundred people turned out in Oxford to see the blockbuster everyone's talking about.,Anticipation
"Alistar Campbell roared past 500 runs on Saturday and put himself firmly on course for the magical 1,000 mark.",Anticipation
"The casualty was lying beam-on to the swell, and dead in the water with no engine power, so the helicopter's attempt to lift them.",Fear
"After all, England have another chance to fall from grace when they meet Germany on Saturday.",Anticipation
"Before the setbacks, the new Lancias had passed their tests with flying colours.",Joy
"Finally, under the obscurity of dust and smoke the Germans managed to get a foothold on the summit",Joy
Members might like to note that Crich is a front runner for next summer's trip.,Fear
"If you're camping in the wilderness on your own, don't let imagination get the better of you.",Fear
For months the polls have been predicting an unprecedented landslide victory for the Right in next month's general election.,Anticipation
"Twelve months ago we came on leaps and bounds, and surprised even ourselves by winning the All Ireland.",Surprise
"A 68 put Ballesteros safely through to the last two days but a distressed Olazabal, despite a 69, faced an anxious wait to see if he would make the cut.",Anticipation
It was absolutely make or break.,Anticipation
And so the moment of truth.,Surprise
"He likes to be one step ahead of the pack, getting there before others do.",Anticipation
If he played golf as badly as that he'd pack it in.,Surprise
It may prove to be a Pyrrhic victory.,Anticipation
"When he motioned for her to take the wooden spoon from him she did so, avoiding touching him at all costs.",Disgust
Then out of the blue he got a phone call asking if he was still interested in the car as it had to be sold to make space for the family.,Surprise
Lisa's jaw dropped open.,Surprise
"And lo and behold, no sooner had British Bakeries written to say' the problem should now be eliminated' than a loaf arrived at home with at least five slices suffering from holes bigger than those in the Darlington defence.",Anger
"Then she stopped dead in her tracks, the blood seeping from her veins, leaving her stiff and white with shock.",Fear
How do you know that you haven't landed yourself with someone who'll be struck dumb with nerves?,Fear
Words fail me in praise of your company and its workforce.,Joy
It's a sad and unusual case for all concerned but the mother is determined to fight tooth and nail.,Sadness
"While perhaps reasonable for a very small group, it could soon become a free for all in a larger organisation.",Anticipation
This amounts to a quest for possible ways in which Tit for Tat individuals might happen to cluster together in sufficient numbers that they can all benefit at the banker's expense.,Surprise
"I wouldn't ask your father, but your mother would, I'm sure, be up in arms.",Anger
She returned with a bravado somewhat at odds with the way she was feeling.,Surprise
"And major sponsors of the Renault-Williams team, caught in the crossfire of the bitter battle between the world champion and his team boss Frank Williams, are in a panic.",Fear
Why were the prophets so dead set against mediumship?,Surprise
"But before you know it, you're right in there hammer and tongs, defending yourself against an onslaught of outrage and invective.",Anger
"Journalists woke him up in his bed with the news and, as I suspected, all hell broke loose.",Anger
"In the battle of wills, as well as the battle of resources, the Soviet Union has cards to play.",Joy
"After all, football left leather behind long ago, but I expect cricketers will be up in arms about this suggestion",Anger
Now will you please get off my back.,Anger
However I did get a bit cheesed off with the movie's rather plodding pace.,Anger
"Wake up, Cati, for crying out loud.",Anger
"Yeah, yeah, don't get your knickers in a twist, it's in one piece.",Anger
The share price should go through the roof.,Anticipation
The reviewer is likely to get hot under the collar if a personal favourite has been left out and can easily end up merely drawing up a rival selection.,Fear
Black outlook is making us see red.,Anger
Mark said that when the Raja saw the damage he was wearing glasses which steamed up a bit.,Disgust
"The small independent bakers, already affected by the supermarket bakeries, see this as the last straw.",Anger
"My head roared with neon pins and needles, at once visual and sensual.",Surprise
"Louis was reconstituting the royal family, keeping his adult sons on tenterhooks.",Anticipation
"McAllister turned off the gas ring, blew out the match, and walked to the front door, grumbling to herself, hold your horses, I'm coming, I'm coming, when another urgent series of knocks sounded.",Anticipation
I've kept myself fit and I was raring to go.,Anticipation
"It was depressing to think of Sien and the children he had left to fend for themselves, depressing too to remember that Theo was having to bear the brunt of his trouble as always.",Sadness
"The thing with Minneapolis was that everyone was bored to tears, so we just made a scene.",Sadness
Pleased as Punch she is.,Joy
"I'm sorry,' I said, wondering how I could save face.",Sadness
The only thing that gets me steamed up is when they have a go at you.,Disgust
In a stew over OXO tower.,Anger
He was still on tenterhooks waiting for his directors' decision about the manager's job.,Anticipation
"Perfect for the postparty come-down spliff up, chill out and get One Dove on them gramophones.",Joy
I said I was only pulling your leg.,Joy
"This brought forth the usual gales of laughter and requests to pull the other one, stop having them on, etc.",Joy
You'll have to take it easy when you do come out.,Trust
They just want to stay on cloud nine.,Joy
"A few months ago Hardyman was down in the dumps Sunderland had shelled out 350,000 for another left back, Anton Rogan, and his days at Roker looked numbered.",Sadness
He was grinning from ear to ear and the first stabs of doubt needled at Ruth's heart.,Joy
The hunched figure is such a picture of hopelessness that the heart sinks.,Sadness
They are both over the moon.,Joy
Gould was in seventh heaven.,Joy
"Oh, yes, absolutely, thrilled to bits.",Joy
"If attending a wedding or party of close friends, you should have the time of your life",Anticipation
Britain was on top of the world.,Sadness
Everything becomes so much easier and some people have an experience akin to walking on air or walking on the moon.,Joy
"Victor will go bananas, and Rachel will think I got laid.",Anger
"It could take some trial and error to discover the correct interval, and you may need to chart the person's pattern.",Joy
You mean it's all right to sleep with you under your own roof with your mother there although it's not quite the done thing here.,Surprise
Trying to interrogate officers of the Grand Army would have been asking for trouble.,Fear
Again there is nothing catch 22 about this.,Trust
The walls seem to meet overhead to block out the sky and a chill wind blows as we approach the impasse at the head of the gully.,Anticipation
All those vital issues are to be rigidly centralised and that is the crux of the matter.,Anticipation
It was a couple of weeks before and I was left high and dry without a partner.,Sadness
As a last resort you can call out the total number of those present.,Anticipation
"Isn't it easier to pass the buck to your boss, some staff person or a committee?",Anticipation
"In spite of recent emotional dramas or conflicts, you must put on a brave face and allow others to share your load.",Surprise
Defence cuts could also be a stumbling block.,Anticipation
You come out of a tight spot smelling of roses.,Surprise
"For Africa, meanwhile, the 1980s have been an almost unmitigated disaster.",Sadness
We ran towards our target -- King Kong's massive back -- without a hitch and I reached it just ahead of my friend.,Joy
"A natural tendency in times of recession is to batten down the hatches and look after our own needs, but as we sold raffle tickets in aid of our livestock projects in Uganda, people at the Royal certainly supported our scheme with cheerful generosity.",Joy
"Phew, that was a close shave.",Surprise
"Seated where he is, Rhys Williams knows one false move could mean the might of God descending on him at any moment.",Fear
Look before you leap.,Anticipation
But it's very reassuring to know I am in safe hands here.,Trust
"I'd best take a look, just to be on the safe side.",Anticipation
"The massacre of the horses, unable to take cover upon the warning whistle of a shell, had become prohibitive.",Sadness
An RAF man told a court yesterday how he had fallen asleep at the wheel of a Land-Rover before his friend died in a head-on crash with a lorry on the A1.,Disgust
"It is clearly impossible to anticipate every eventuality, but the guiding principle must be that if the source of difficulty does not lie in the implementation of a selected strategy and is not being assessed during the conduct of the investigation, then assistance can be given.",Anticipation
We have to make sure we don't fall flat on our faces after a great win at West Brom.,Anticipation
Perhaps the most dramatic fall from grace was the case of Hu Yaobang.,Surprise
She is no short term flash in the pan.,Fear
"His parting advice to those interested in taking the challenge was keep an ear to the ground, your back to the wheel and get your foot in the door.",Anticipation
Drug baron's limousines go up in smoke,Sadness
I've become skint while Woking have gone on in leaps and bounds.,Sadness
The fortunes of wartime Britain were at a low ebb in July 1941.,Sadness
I think they'll make a go of it.,Disgust
I've been out of the picture so long that I just want people to know what I'm about.,Anticipation
"If rags to riches is still the American dream, William Casey lived his own version of it.",Joy
"Getting out her suitcase, and with her fury riding high, she began throwing her belongings into it.",Anger
The Ohio bank does not leave its newcomers to sink or swim by themselves.,Trust
"In this context the financial muscle associated with a more diversified grouping, where risks are spread more evenly, can serve to help weather the storm.",Fear
He sipped some from a wooden spoon and stained part of his wispy beard a bright orange.,Joy
Why should he suddenly have materialized out of the blue?,Surprise
"Theda's jaw dropped perceptibly, and she was conscious of a sliver of tender warmth slipping into her heart.",Surprise
"So startled was he by this sudden onslaught, Ryker momentarily froze, rooted to the spot",Surprise
Mr Proctor said last night that it was all water under the bridge.,Trust
Why couldn't God let bygones be bygones?,Anger
IBM and Hitachi are still at loggerheads.,Anger
A sparrow hawk appeared and all hell broke loose.,Anger
Maybe he was cheesed off meeting people so far along the ridge without explanation as to their start point.,Anger
"The other customers were almost as hot under the collar as Phyllis, but for very different reasons.",Anger
"I hate it, I rant and rave, I never like things I've done.",Anger
Don't miss these two chances to see red deer and roe deer as they leave the cover of their reed beds in the Leighton Moss Nature Reserve.,Anticipation
"That Wright is ultimately responsible for handling his short fuse and, to help him do that, think back to the hundreds of games he's played when there has been no trouble.",Fear
"Boxing and Las Vegas, joined in very unholy matrimony, are waiting with bated breath and heavily baited betting slips for the outcome of a fight that can be almost relied upon to restore some credibility to the heavyweight division.",Anticipation
"The patient with back pain will say, I'm scared stiff.",Fear
"It is this mixture of natural and mechanical sound that makes' Ecim' so absorbing, where the feeling that one half will overcome the other keeps the excitement captured here at a fever pitch.",Anticipation
We're bored to tears down here.,Disgust
You can't go to pieces.,Fear
Power is prepared to run through a wall; Willie O'Connor is as hard as nails and Liam Simpson takes no prisoners.,Surprise
He sounded pleased as punch for me.,Joy
"In a US property, a guest let off steam to the bartender because his room was not ready and it was already late.",Anger
The bed was comfortable and so large you had to shout sweet nothings.,Joy
I'm really on tenterhooks about the twins.,Anticipation
"And what is even more wonderful, they all think the world of each other.",Joy
"On location in Australia, he was nothing if not the life and soul of the party.",Joy
"It's all right, Robbie, I was pulling your leg.",Joy
"At that moment, and perhaps for an hour afterwards, I was on Cloud Nine.",Joy
"I wished I could help him then, he looked so down in the mouth hunched up by the stove.",Sadness
"He gets up, opens the door, and his heart sinks, seeing Tommy standing there with Iain.",Sadness
I was over the moon.,Joy
The ciderheads were in seventh heaven.,Joy
She was thrilled to bits.,Joy
Coming on top of the World Cup cricket fiasco.,Sadness
"That's how one Irish farm leader sums up commissioner Ray MacSharry, the former minister for agriculture, whose radical reform plan for the CAP has set alarm bells ringing in his native country.",Fear
I should keep your back to the wall.,Fear
"The great all seem to have had this cross to bear, and that is no comfort.",Sadness
"The crux of the matter is, how do we prevent a 1947 or 1990 flood occurring again?",Fear
"You're going to be left in the lurch, Giles.",Fear
"For many, paying taxes is at best a necessary evil, at worst a legal way for the Government to steal your money.",Anger
Leaving the court the families all tried to put on a brave face.,Sadness
"Once the firms' merger was in place, Mr Morrison took up the thorny issue of rationalising the accountancy profession.",Anticipation
I feared that without him I would batten down the hatches of the physical part of me and crawl back inside the shell which I had built around myself in the three years before he blew through my life.,Fear
And so we all had a close shave once a term.,Joy
"Apologise for the intrusion, to be on the safe side.",Anticipation
"Again, safety in numbers saves the day for the prey species.",Joy
"Holliman decided that they had to take cover, so they scuttled into a patch of scrub and camouflaged themselves with nets.",Fear
"Something hit me on the back of the head, here, and I went out like a light.",Surprise
He said the Government was on course for elections to the new councils in 1995.,Anticipation
But it's all downhill from here.,Sadness
"This causes onlookers to despair, and TV schedules to go up in smoke, which can't please Philip Morris, the sponsor.",Joy
Is Iran about to make a comeback?,Anticipation
She would like to make a go of it but there is nothing there it is so sad.,Sadness
"On the one hand, the England game could be make or break.",Anticipation
They felt sure that at the moment of truth in the polling booth most voters will consider their wallets.,Anticipation
Danaher's is a rags to riches story.,Joy
The Highways Department will sink or swim on the basis of everyone pulling together.,Anticipation
We had arrived from Harehills on the up and up with the booming coal industry.,Joy
"The way he gained the word that sustains the weary was not like a bolt from the blue, but through patiently listening to God morning by morning.",Trust
"How would you like to be an innocent old woman quietly doing your knitting, and then get a letter like that out of the blue?",Surprise
Sybil's jaw dropped.,Surprise
"Lo and behold, the thief was caught red-handed.",Joy
Obviously Kaplan's recording will raise eyebrows.,Surprise
"By morning, if anyone troubled to come looking for her, they would probably find her poor, frozen body rooted to the spot by a cage of spindly icicles.",Anger
Baby kidnapper Caren McSweeney is so stunned by what she did that she has been struck dumb.,Surprise
"Team spirit reached an all time low on this one, but at least we didn't come to blows.",Sadness
"But if a case proves fatal, the result will not be a free for all but an even tougher enforcement mechanism to replace it accounting solutions.",Sadness
Single travellers would be justified in being up in arms over InterCity Sleeper's latest ad suggesting that you to save money.,Anger
But there was no love lost between the stars.,Surprise
By this point some of my readers will be up in arms.,Anger
"The poor woman had given way to a black mood and been swamped by her ugly past, he explained.",Anger
"Forget it, Rory, for crying out loud forget it.",Anger
Many of us become hot under the collar over local issues.,Anger
"You can go down to the council and rant and rave, you still wont get anything.",Anger
You're in danger of going too far this week.,Fear
That was the last straw as far as I was concerned.,Disgust
"If you go fertilizing with unsterilized bonemeal, for instance, hold your breath; the stuff can be crawling with anthrax germs.",Disgust
On the Saturday I got the pins and needles back and was rushed to casualty.,Fear
The young lady behind the bar was scared stiff by our presence.,Fear
"Everyone had been waiting on tenterhooks on the platform, as they had been technically ready for more than a day.",Sadness
I'm sensing warp portals opening deep down in our city.,Anticipation
"Ultimately, the return of Madness is hardly something to get worked up about.",Anger
"I also establish safety by showing I'm able to take a hell of a lot of flack and stress and if they go to pieces, I'll be there",Trust
"As we fail to remember our previous situation, a slow and subtle change of heart takes place.",Anticipation
It was appreciated by fans who sang 'Always Look On The Bright Side Of Life.',Joy
"Australian charged with spreading the rugby league gospel in the capital, was pleased as punch.",Joy
"He really gets steamed up if they're left open,",Anger
"Louis was reconstituting the royal family, keeping his adult sons on tenterhooks.",Anticipation
Living on cloud nine is intoxicating and precarious.,Joy
"Some were very angry, they thought it would last for ever, yes a bit down in the dumps, especially the younger people, some old people looked forward to it.",Anger
"The National Display Team came for the afternoon to show their special item , we were all over the moon.",Joy
"He was in seventh heaven, so excited.",Joy
"Looks thrilled to bits, doesn't he?",Joy
"Mountain biking is wonderful, you're on top of the world while you're pedalling and even higher when you've finished.",Joy
"There is a curious feeling of walking on air, which I have never thought as agreeable a sensation as people try to make out.",Joy
"In short, for many employees constructive dismissal claims give rise to a Catch 22.",Surprise
"I didn't like that much because it was so smelly, but a necessary evil.",Disgust
"He was shattered, though he put on a brave face.",Sadness
Or a mite more forgiving in a tight spot?,Surprise
"Moreover, death is just' the tip of the iceberg.",Fear
The effect was to leave the peasant in a vicious circle of poverty.,Disgust
"The performance went off without a hitch and the Vancouver Symphony Orchestra, with Dr Otto Klemperer conducting, played brilliantly.",Joy
He left them in safe hands.,Trust
There is safety in numbers folks.,Joy
"The sign outside may say Cad Mle Fate, but inside you watch your step.",Anticipation
"First, we want promotion this season and we're on course for that.",Joy
And its spectacular fall from grace should serve as a warning.,Fear
Mr Crowe emphasised the achievement was no flash in the pan but the result of continuous improvement over several years.,Joy
I am delighted that they all passed with flying colours.,Joy
"Such deliberation, while the youth of Britain were liable to go up in smoke, outraged many.",Disgust
This is the moment of truth for the Lions the six build-up provincial games can be forgotten.,Anticipation
"But if Mr Kohl is now riding high, East German expectations are riding higher.",Anticipation
"The last two competitors may be called upon to save the day, so always ensure that you keep at least one good finisher.",Anticipation
Not since the surprise smash hit of the year cast a rosy glow over Shore's vehicle.,Anticipation
Signor Candiano's letter had come out of the blue.,Surprise
The blood ran cold in Rory's veins as she stood rooted to the spot in horror.,Fear
We were all struck dumb for the moment.,Joy
The organisation representing rank and file members of the Republic's army was up in arms today over a new security vetting procedure.,Anger
Alexander found himself at odds with these famous words of Shakespeare.,Joy
With the ICAEW examinations the tutors would be up in arms if any referral subject had a pass rate less than the rate for students sitting all papers.,Anger
He decided to try to shake Sien out of her black mood by acting angrily.,Anger
"Well, you'll have all the time you need to be beautiful this summer and that's what summer is about, for crying out loud.",Anticipation
"Because it's a beta version, I don't propose to harp on about any niggles.",Trust
A bit hot under the collar.,Anger
"Regularly, up to three times a week, they would rant and rave in the streets.",Anger
"Well, it was the last straw.",Anger
"I pretended not to notice it, and, as the students listened with bated breath, instructed them to turn to page thirty in Jespersen.",Anticipation
Styczynski had x-rays after saying that he had pains in his chest and pins and needles in his arms.,Fear
"Cis, who knew about it, was scared stiff.",Fear
"But, deep down, every Russian knows that our strength is in our unity.",Trust
They fell head over heels in love and my real Mother returned.,Joy
"He was a strong, healthy lad and as pleased as punch to be working with Dad.",Joy
"For the remainder of the carol I was on tenterhooks, not daring to take my eyes from the lectern.",Fear
The market is down in the dumps.,Sadness
Eva was over the moon.,Joy
My good friends of masher persuasion are in seventh heaven when they have the opportunity of admiring eight pretty faces.,Joy
"Going Live host Phillip, 30, popped the question yesterday and was' thrilled to bits' when 28-year-old Stephanie said yes.",Joy
Of course that's not all there is to this beautiful island.,Joy
"We were trying to diverse the music with the mixture of soul and reggae, though it wasn't really the done thing at that point.",Anticipation
Kenny Schaefer aims to gatecrash the world's top ten by beating York's Commonwealth supermiddleweight champion Henry Wharton on Thursday.,Anticipation
Careful study of this sent alarm bells ringing throughout vast areas of southern and eastern England.,Fear
Turn around and jump back to the wall.,Fear
They have fled the field and left their constituents in the lurch,Disgust
"It means that when pesticides are used, and it is only as a last resort, then the most environmentally friendly are chosen.",Anticipation
"When the future seems to be filled with storm clouds, it may appear that the Church has no other recourse but to batten down the hatches and attempt to ride the storm.",Anticipation
I was determined to take a calculated risk.,Anticipation
A close shave in the post room.,Fear
"This is another high scoring technique, though its use is fraught with danger.",Anticipation
"She says do not worry, but it's wiser to be on the safe side.",Fear
"Take cover, here comes Attila.",Anticipation
"Now watch your step, the path gets a bit steep further down.",Anticipation
England swept aside defending champions Ireland at Hoylake yesterday to stay on course for their first men's amateur Home International title for four years.,Joy
I had a trial pouring and the teapot passed with flying colours.,Joy
"Beatty thinks he's got it made, but she turns to Jack.",Sadness
"If he can't make a go of them, nobody can.",Trust
Australia made inroads into our batting and the moment of truth arrived when Fletch had to go out and bat.,Anticipation
"What God has done fades slowly out of the picture, and we focus increasingly on what we ourselves seem well able to do.",Anticipation
Central bankers are riding high.,Joy
It may not be the London Palladium but it is a smash hit.,Joy
A bolt from the blue is how Dounreay described hearing of her thrilling news that she had been awarded the MBE in The Queen's birthday honours.,Surprise
"Then out of the blue, the radio station sacked them.",Surprise
Virginia's jaw dropped open in surprise.,Surprise
The cap badge with its St Andrew's Cross split in two brought a lump to my throat as I stood rooted to the spot.,Sadness
"Fabia was staring at him, struck dumb, when suddenly he let go one of her arms and placed an arm about her shoulders.",Surprise
"Needless to say, the credit card companies are up in arms at this suggestion and are fighting all the way.",Anger
"He felt cold to the point of shivering, weak enough for standing to be out of the question.",Fear
Can't you give it a rest?,Anger
Alain was getting quite hot under the collar and Dieter seemed to be winding him up on purpose.,Anger
"I'll thank you to mind your own business, Mrs S.",Anger
A farmer has every right to rant and rave about such clowns.,Anger
"But you promised we'd see red grouse, wailed an insatiable lad.",Sadness
"Your letter of 27 Feb, informing me that the current account was overdrawn and charging the Club to rectify this, was the last straw.",Disgust
He's scared stiff of it.,Fear
Rumours about a split in the Smiths camp again reached fever pitch.,Anticipation
"I felt burnt out the next morning, but everyone else was raring to go.",Sadness
"I was taken aback, but deep down I wasn't totally surprised.",Surprise
But there were no hard feelings,Fear
All steamed up over the real thing.,Anger
It's a challenge all the more remarkable for the fact that not so long ago jetting off on holiday made her weak at the knees.,Surprise
Everyone's so down in the dumps and poor.,Sadness
She was over the moon with it.,Joy
Vicky is thrilled to bits that the dog has been found.,Joy
I was on top of the world.,Joy
Many centuries of trial and error would elapse before Ireland's dark secret would be revealed.,Surprise
"It sent alarm bells ringing throughout the East, and brought Russia into renewed conflict with China.",Fear
How can this vicious circle be broken?,Anger
It was a close shave.,Surprise
"Apart from the administrative and cost difficulties, linking nurses pay to performance is fraught with danger, says Mr Thompson.",Anticipation
Millie the cat is back in safe hands.,Joy
The reputation of Hawaii was at stake.,Fear
It may not be as big a blockbuster as Jurassic Park but it certainly won't create anywhere near as much hype.,Sadness
April 1992 saw the car completed and it passed its MOT with flying colours.,Joy
Carol found herself wishing that Fred could make a go of something.,Sadness
"Oh, pack it in, this is serious.",Anger
By this stage Labour should have been riding high.,Anticipation
So it was the dreaded wooden spoon for the Irish.,Fear
"Well, there was a time when it was a bolt from the blue, I mean I've known for a week or two, but we were delighted to receive it.",Joy
"But before I had finished this wearisome task, the cheque arrived out of the blue.",Surprise
"An American is standing in an Oxford quadrangle, jaw dropped.",Surprise
"Suddenly, lo and behold, what should they see but the tiger and the jackal coming toward them with their tails tied together.",Surprise
"Lorne stood rooted to the spot, squinting furiously through his monocle.",Anger
"We were both rigid as enemies, longing to come to blows.",Anger
But in the next move tit for tat retaliates.,Anticipation
He did his best to paper over the cracks.,Fear
"In 1987, when I was chosen to fight my first election at Birmingham's Perry Barr, I was on cloud nine, even though it was a safe Labour seat.",Joy
